<application>
  <component name="GitRememberedInputs">
    <option name="visitedUrls">
      <list>
        <UrlAndUserName>
          <option name="url" value="http://gitee.com" />
          <option name="userName" value="yes_man_yu@163.com" />
        </UrlAndUserName>
        <UrlAndUserName>
          <option name="url" value="http://192.168.0.107:8000" />
          <option name="userName" value="ynf" />
        </UrlAndUserName>
        <UrlAndUserName>
          <option name="url" value="http://192.168.0.107:8001" />
          <option name="userName" value="ynf" />
        </UrlAndUserName>
      </list>
    </option>
  </component>
  <component name="Vcs.Log.App.Settings">
    <option name="COLUMN_ID_ORDER">
      <list>
        <option value="Default.Root" />
        <option value="Default.Subject" />
        <option value="Default.Author" />
        <option value="Default.Date" />
      </list>
    </option>
  </component>
  <component name="VcsApplicationSettings">
    <option name="COMMIT_FROM_LOCAL_CHANGES" value="true" />
  </component>
</application>